time_s,delay_s
1.042280800,0.011821600
1.641754945,0.010264801
3.731975598,0.037498401
3.807724022,0.011790401
3.828978423,0.010888001
3.849483224,0.010138401
83.671504896,0.011800001
83.712332435,0.010243201
83.733012437,0.010356801
83.754248439,0.010912801
83.774747640,0.010132801
83.795382042,0.010311201
83.816042844,0.010337601
83.836562846,0.010196801
83.857110848,0.010224801
83.877547650,0.010113601
83.900322052,0.012451201
83.922051653,0.011363201
83.942718855,0.010344001
83.986913257,0.033871201
84.037438859,0.040202401
84.058071660,0.010266401
84.078510062,0.010115201
84.105333264,0.016500001
84.154294865,0.038595201
84.174873267,0.010255201
84.200567669,0.015371201
84.223257270,0.012323201
84.244266872,0.010686401
84.266340473,0.011707201
84.286858074,0.010151201
84.307285276,0.010104001
84.328897278,0.011288801
84.350914880,0.011694401
84.371533281,0.010252001
84.392054083,0.010197601
84.412958085,0.010580801
84.433483686,0.010159201
84.561536488,0.117729601
84.582579690,0.010720001
84.603116491,0.010170401
84.623612493,0.010172801
84.660352495,0.026416801
84.680851697,0.010176001
84.702749299,0.011574401
84.724352500,0.011236801
84.744802102,0.010126401
84.773117304,0.017992001
99.983583466,0.029089601
129.632392409,0.010573601
129.829053385,0.023130401
129.851553386,0.012133601
174.964789934,0.013140001
175.209530619,0.013052001
194.139385824,0.016052001
194.197206850,0.010408001
194.217950052,0.010420001
221.014779663,0.011590401
