time_s,object_type,size_bytes
1.030459200,main,1985
1.631490144,embedded,255
3.694477197,main,12721
3.795933621,embedded,2000
3.818090422,embedded,980
3.839344823,embedded,97
83.659704895,main,2012
83.702089234,embedded,228
83.722655636,embedded,370
83.743335638,embedded,1011
83.764614839,embedded,90
83.785070841,embedded,313
83.805705243,embedded,346
83.826366045,embedded,170
83.846886047,embedded,205
83.867434049,embedded,66
83.887870851,embedded,2718
83.910688452,embedded,1520
83.932374854,embedded,354
83.953042056,embedded,12853
83.997236458,embedded,22209
84.047805259,embedded,257
84.068394861,embedded,68
84.088833263,embedded,7347
84.115699664,embedded,32428
84.164618066,embedded,243
84.185196468,embedded,6044
84.210934069,embedded,2612
84.233580471,embedded,728
84.254633272,embedded,1896
84.276706873,embedded,113
84.297181275,embedded,54
84.317608477,embedded,1427
84.339220479,embedded,1880
84.361281280,embedded,239
84.381856482,embedded,171
84.402377284,embedded,596
84.423324485,embedded,123
84.443806887,embedded,122274
84.571859689,embedded,770
84.592946090,embedded,137
84.613439692,embedded,140
84.633935694,embedded,18609
84.670675696,embedded,144
84.691174898,embedded,1730
84.713115699,embedded,1362
84.734675701,embedded,82
84.755125303,embedded,9050
99.954493865,main,21626
129.621818808,main,587
129.805922984,embedded,14879
129.839419785,embedded,2375
174.951649933,main,3525
175.196478618,embedded,3415
194.123333823,main,6841
194.186798849,embedded,434
194.207530051,embedded,449
221.003189262,main,1750
