time_s,direction,event,size_bytes
1.020092800,uplink,main_request,350
1.040974400,downlink,main_object_packet,514
1.041446400,downlink,main_object_packet,536
1.041918400,downlink,main_object_packet,536
1.042280800,downlink,main_object_packet,399
1.621166943,uplink,embedded_request,350
1.641754945,downlink,embedded_object_packet,255
3.684153996,uplink,main_request,350
3.704949198,downlink,main_object_packet,514
3.705421198,downlink,main_object_packet,536
3.705893198,downlink,main_object_packet,536
3.706365198,downlink,main_object_packet,536
3.706837198,downlink,main_object_packet,536
3.707309198,downlink,main_object_packet,536
3.707781198,downlink,main_object_packet,536
3.708253198,downlink,main_object_packet,536
3.708725198,downlink,main_object_packet,536
3.709197198,downlink,main_object_packet,536
3.725936398,downlink,main_object_packet,536
3.726408398,downlink,main_object_packet,536
3.726880398,downlink,main_object_packet,536
3.727352398,downlink,main_object_packet,536
3.727824398,downlink,main_object_packet,536
3.728296398,downlink,main_object_packet,536
3.728768398,downlink,main_object_packet,536
3.729240398,downlink,main_object_packet,536
3.729712398,downlink,main_object_packet,536
3.730184398,downlink,main_object_packet,536
3.730656398,downlink,main_object_packet,536
3.731128398,downlink,main_object_packet,536
3.731600398,downlink,main_object_packet,536
3.731975598,downlink,main_object_packet,415
3.785610420,uplink,embedded_request,350
3.806405622,downlink,embedded_object_packet,514
3.806877622,downlink,embedded_object_packet,536
3.807349622,downlink,embedded_object_packet,536
3.807724022,downlink,embedded_object_packet,414
3.807724022,uplink,embedded_request,350
3.828562423,downlink,embedded_object_packet,514
3.828978423,downlink,embedded_object_packet,466
3.828978423,uplink,embedded_request,350
3.849483224,downlink,embedded_object_packet,97
83.649381694,uplink,main_request,350
83.670176896,downlink,main_object_packet,514
83.670648896,downlink,main_object_packet,536
83.671120896,downlink,main_object_packet,536
83.671504896,downlink,main_object_packet,426
83.691766033,uplink,embedded_request,350
83.712332435,downlink,embedded_object_packet,228
83.712332435,uplink,embedded_request,350
83.733012437,downlink,embedded_object_packet,370
83.733012437,uplink,embedded_request,350
83.753807639,downlink,embedded_object_packet,514
83.754248439,downlink,embedded_object_packet,497
83.754248439,uplink,embedded_request,350
83.774747640,downlink,embedded_object_packet,90
83.774747640,uplink,embedded_request,350
83.795382042,downlink,embedded_object_packet,313
83.795382042,uplink,embedded_request,350
83.816042844,downlink,embedded_object_packet,346
83.816042844,uplink,embedded_request,350
83.836562846,downlink,embedded_object_packet,170
83.836562846,uplink,embedded_request,350
83.857110848,downlink,embedded_object_packet,205
83.857110848,uplink,embedded_request,350
83.877547650,downlink,embedded_object_packet,66
83.877547650,uplink,embedded_request,350
83.898342852,downlink,embedded_object_packet,514
83.898814852,downlink,embedded_object_packet,536
83.899286852,downlink,embedded_object_packet,536
83.899758852,downlink,embedded_object_packet,536
83.900230852,downlink,embedded_object_packet,536
83.900322052,downlink,embedded_object_packet,60
83.900322052,uplink,embedded_request,350
83.921160453,downlink,embedded_object_packet,514
83.921632453,downlink,embedded_object_packet,536
83.922051653,downlink,embedded_object_packet,470
83.922051653,uplink,embedded_request,350
83.942718855,downlink,embedded_object_packet,354
83.942718855,uplink,embedded_request,350
83.963514057,downlink,embedded_object_packet,514
83.963986057,downlink,embedded_object_packet,536
83.964458057,downlink,embedded_object_packet,536
83.964930057,downlink,embedded_object_packet,536
83.965402057,downlink,embedded_object_packet,536
83.965874057,downlink,embedded_object_packet,536
83.966346057,downlink,embedded_object_packet,536
83.966818057,downlink,embedded_object_packet,536
83.967290057,downlink,embedded_object_packet,536
83.967762057,downlink,embedded_object_packet,536
83.968234057,downlink,embedded_object_packet,536
83.968706057,downlink,embedded_object_packet,536
83.969178057,downlink,embedded_object_packet,536
83.969650057,downlink,embedded_object_packet,536
83.970122057,downlink,embedded_object_packet,536
83.970594057,downlink,embedded_object_packet,536
83.971066057,downlink,embedded_object_packet,536
83.971538057,downlink,embedded_object_packet,536
83.984501257,downlink,embedded_object_packet,536
83.984973257,downlink,embedded_object_packet,536
83.985445257,downlink,embedded_object_packet,536
83.985917257,downlink,embedded_object_packet,536
83.986389257,downlink,embedded_object_packet,536
83.986861257,downlink,embedded_object_packet,536
83.986913257,downlink,embedded_object_packet,11
83.986913257,uplink,embedded_request,350
84.007708459,downlink,embedded_object_packet,514
84.008180459,downlink,embedded_object_packet,536
84.008652459,downlink,embedded_object_packet,536
84.009124459,downlink,embedded_object_packet,536
84.009596459,downlink,embedded_object_packet,536
84.010068459,downlink,embedded_object_packet,536
84.010540459,downlink,embedded_object_packet,536
84.011012459,downlink,embedded_object_packet,536
84.011484459,downlink,embedded_object_packet,536
84.011956459,downlink,embedded_object_packet,536
84.012428459,downlink,embedded_object_packet,536
84.012900459,downlink,embedded_object_packet,536
84.013372459,downlink,embedded_object_packet,536
84.013844459,downlink,embedded_object_packet,536
84.014316459,downlink,embedded_object_packet,536
84.014788459,downlink,embedded_object_packet,536
84.015260459,downlink,embedded_object_packet,536
84.015732459,downlink,embedded_object_packet,536
84.016204459,downlink,embedded_object_packet,536
84.016676459,downlink,embedded_object_packet,536
84.017148459,downlink,embedded_object_packet,536
84.017620459,downlink,embedded_object_packet,536
84.028695659,downlink,embedded_object_packet,536
84.029167659,downlink,embedded_object_packet,536
84.029639659,downlink,embedded_object_packet,536
84.030111659,downlink,embedded_object_packet,536
84.030583659,downlink,embedded_object_packet,536
84.031055659,downlink,embedded_object_packet,536
84.031527659,downlink,embedded_object_packet,536
84.031999659,downlink,embedded_object_packet,536
84.032471659,downlink,embedded_object_packet,536
84.032943659,downlink,embedded_object_packet,536
84.033415659,downlink,embedded_object_packet,536
84.033887659,downlink,embedded_object_packet,536
84.034359659,downlink,embedded_object_packet,536
84.034831659,downlink,embedded_object_packet,536
84.035303659,downlink,embedded_object_packet,536
84.035775659,downlink,embedded_object_packet,536
84.036247659,downlink,embedded_object_packet,536
84.036719659,downlink,embedded_object_packet,536
84.037191659,downlink,embedded_object_packet,536
84.037438859,downlink,embedded_object_packet,255
84.037438859,uplink,embedded_request,350
84.058071660,downlink,embedded_object_packet,257
84.058071660,uplink,embedded_request,350
84.078510062,downlink,embedded_object_packet,68
84.078510062,uplink,embedded_request,350
84.099305264,downlink,embedded_object_packet,514
84.099777264,downlink,embedded_object_packet,536
84.100249264,downlink,embedded_object_packet,536
84.100721264,downlink,embedded_object_packet,536
84.101193264,downlink,embedded_object_packet,536
84.101665264,downlink,embedded_object_packet,536
84.102137264,downlink,embedded_object_packet,536
84.102609264,downlink,embedded_object_packet,536
84.103081264,downlink,embedded_object_packet,536
84.103553264,downlink,embedded_object_packet,536
84.104025264,downlink,embedded_object_packet,536
84.104497264,downlink,embedded_object_packet,536
84.104969264,downlink,embedded_object_packet,536
84.105333264,downlink,embedded_object_packet,401
84.105333264,uplink,embedded_request,350
84.126171665,downlink,embedded_object_packet,514
84.126643665,downlink,embedded_object_packet,536
84.127115665,downlink,embedded_object_packet,536
84.127587665,downlink,embedded_object_packet,536
84.128059665,downlink,embedded_object_packet,536
84.128531665,downlink,embedded_object_packet,536
84.129003665,downlink,embedded_object_packet,536
84.129475665,downlink,embedded_object_packet,536
84.129947665,downlink,embedded_object_packet,536
84.130419665,downlink,embedded_object_packet,536
84.130891665,downlink,embedded_object_packet,536
84.131363665,downlink,embedded_object_packet,536
84.131835665,downlink,embedded_object_packet,536
84.132307665,downlink,embedded_object_packet,536
84.132779665,downlink,embedded_object_packet,536
84.133251665,downlink,embedded_object_packet,536
84.133723665,downlink,embedded_object_packet,536
84.134195665,downlink,embedded_object_packet,536
84.134667665,downlink,embedded_object_packet,536
84.135139665,downlink,embedded_object_packet,536
84.135611665,downlink,embedded_object_packet,536
84.136083665,downlink,embedded_object_packet,536
84.136555665,downlink,embedded_object_packet,536
84.137027665,downlink,embedded_object_packet,536
84.137499665,downlink,embedded_object_packet,536
84.137971665,downlink,embedded_object_packet,536
84.138443665,downlink,embedded_object_packet,536
84.138915665,downlink,embedded_object_packet,536
84.139387665,downlink,embedded_object_packet,536
84.139859665,downlink,embedded_object_packet,536
84.140331665,downlink,embedded_object_packet,536
84.140803665,downlink,embedded_object_packet,536
84.141275665,downlink,embedded_object_packet,536
84.141747665,downlink,embedded_object_packet,536
84.142219665,downlink,embedded_object_packet,536
84.142691665,downlink,embedded_object_packet,536
84.143163665,downlink,embedded_object_packet,536
84.143635665,downlink,embedded_object_packet,536
84.144107665,downlink,embedded_object_packet,536
84.144579665,downlink,embedded_object_packet,536
84.145051665,downlink,embedded_object_packet,536
84.145523665,downlink,embedded_object_packet,536
84.145995665,downlink,embedded_object_packet,536
84.146467665,downlink,embedded_object_packet,536
84.146939665,downlink,embedded_object_packet,536
84.147411665,downlink,embedded_object_packet,536
84.147883665,downlink,embedded_object_packet,536
84.148355665,downlink,embedded_object_packet,536
84.148827665,downlink,embedded_object_packet,536
84.149299665,downlink,embedded_object_packet,536
84.149771665,downlink,embedded_object_packet,536
84.150243665,downlink,embedded_object_packet,536
84.150715665,downlink,embedded_object_packet,536
84.151187665,downlink,embedded_object_packet,536
84.151659665,downlink,embedded_object_packet,536
84.152131665,downlink,embedded_object_packet,536
84.152603665,downlink,embedded_object_packet,536
84.153075665,downlink,embedded_object_packet,536
84.153547665,downlink,embedded_object_packet,536
84.154019665,downlink,embedded_object_packet,536
84.154294865,downlink,embedded_object_packet,290
84.154294865,uplink,embedded_request,350
84.174873267,downlink,embedded_object_packet,243
84.174873267,uplink,embedded_request,350
84.195668469,downlink,embedded_object_packet,514
84.196140469,downlink,embedded_object_packet,536
84.196612469,downlink,embedded_object_packet,536
84.197084469,downlink,embedded_object_packet,536
84.197556469,downlink,embedded_object_packet,536
84.198028469,downlink,embedded_object_packet,536
84.198500469,downlink,embedded_object_packet,536
84.198972469,downlink,embedded_object_packet,536
84.199444469,downlink,embedded_object_packet,536
84.199916469,downlink,embedded_object_packet,536
84.200388469,downlink,embedded_object_packet,536
84.200567669,downlink,embedded_object_packet,170
84.200567669,uplink,embedded_request,350
84.221406070,downlink,embedded_object_packet,514
84.221878070,downlink,embedded_object_packet,536
84.222350070,downlink,embedded_object_packet,536
84.222822070,downlink,embedded_object_packet,536
84.223257270,downlink,embedded_object_packet,490
84.223257270,uplink,embedded_request,350
84.244052472,downlink,embedded_object_packet,514
84.244266872,downlink,embedded_object_packet,214
84.244266872,uplink,embedded_request,350
84.265105273,downlink,embedded_object_packet,514
84.265577273,downlink,embedded_object_packet,536
84.266049273,downlink,embedded_object_packet,536
84.266340473,downlink,embedded_object_packet,310
84.266340473,uplink,embedded_request,350
84.286858074,downlink,embedded_object_packet,113
84.286858074,uplink,embedded_request,350
84.307285276,downlink,embedded_object_packet,54
84.307285276,uplink,embedded_request,350
84.328080478,downlink,embedded_object_packet,514
84.328552478,downlink,embedded_object_packet,536
84.328897278,downlink,embedded_object_packet,377
84.328897278,uplink,embedded_request,350
84.349692480,downlink,embedded_object_packet,514
84.350164480,downlink,embedded_object_packet,536
84.350636480,downlink,embedded_object_packet,536
84.350914880,downlink,embedded_object_packet,294
84.350914880,uplink,embedded_request,350
84.371533281,downlink,embedded_object_packet,239
84.371533281,uplink,embedded_request,350
84.392054083,downlink,embedded_object_packet,171
84.392054083,uplink,embedded_request,350
84.412849285,downlink,embedded_object_packet,514
84.412958085,downlink,embedded_object_packet,82
84.412958085,uplink,embedded_request,350
84.433483686,downlink,embedded_object_packet,123
84.433483686,uplink,embedded_request,350
84.454278888,downlink,embedded_object_packet,514
84.454750888,downlink,embedded_object_packet,536
84.455222888,downlink,embedded_object_packet,536
84.455694888,downlink,embedded_object_packet,536
84.456166888,downlink,embedded_object_packet,536
84.456638888,downlink,embedded_object_packet,536
84.457110888,downlink,embedded_object_packet,536
84.457582888,downlink,embedded_object_packet,536
84.458054888,downlink,embedded_object_packet,536
84.458526888,downlink,embedded_object_packet,536
84.458998888,downlink,embedded_object_packet,536
84.459470888,downlink,embedded_object_packet,536
84.459942888,downlink,embedded_object_packet,536
84.460414888,downlink,embedded_object_packet,536
84.460886888,downlink,embedded_object_packet,536
84.461358888,downlink,embedded_object_packet,536
84.461830888,downlink,embedded_object_packet,536
84.462302888,downlink,embedded_object_packet,536
84.462774888,downlink,embedded_object_packet,536
84.463246888,downlink,embedded_object_packet,536
84.463718888,downlink,embedded_object_packet,536
84.464190888,downlink,embedded_object_packet,536
84.464662888,downlink,embedded_object_packet,536
84.465134888,downlink,embedded_object_packet,536
84.465606888,downlink,embedded_object_packet,536
84.466078888,downlink,embedded_object_packet,536
84.466550888,downlink,embedded_object_packet,536
84.467022888,downlink,embedded_object_packet,536
84.467494888,downlink,embedded_object_packet,536
84.467966888,downlink,embedded_object_packet,536
84.468438888,downlink,embedded_object_packet,536
84.468910888,downlink,embedded_object_packet,536
84.469382888,downlink,embedded_object_packet,536
84.469854888,downlink,embedded_object_packet,536
84.470326888,downlink,embedded_object_packet,536
84.470798888,downlink,embedded_object_packet,536
84.471270888,downlink,embedded_object_packet,536
84.471742888,downlink,embedded_object_packet,536
84.472214888,downlink,embedded_object_packet,536
84.472686888,downlink,embedded_object_packet,536
84.473158888,downlink,embedded_object_packet,536
84.473630888,downlink,embedded_object_packet,536
84.474102888,downlink,embedded_object_packet,536
84.474574888,downlink,embedded_object_packet,536
84.475046888,downlink,embedded_object_packet,536
84.475518888,downlink,embedded_object_packet,536
84.475990888,downlink,embedded_object_packet,536
84.476462888,downlink,embedded_object_packet,536
84.476934888,downlink,embedded_object_packet,536
84.477406888,downlink,embedded_object_packet,536
84.477878888,downlink,embedded_object_packet,536
84.478350888,downlink,embedded_object_packet,536
84.478822888,downlink,embedded_object_packet,536
84.479294888,downlink,embedded_object_packet,536
84.479766888,downlink,embedded_object_packet,536
84.480238888,downlink,embedded_object_packet,536
84.480710888,downlink,embedded_object_packet,536
84.481182888,downlink,embedded_object_packet,536
84.481654888,downlink,embedded_object_packet,536
84.482126888,downlink,embedded_object_packet,536
84.482598888,downlink,embedded_object_packet,536
84.483070888,downlink,embedded_object_packet,536
84.483542888,downlink,embedded_object_packet,536
84.484014888,downlink,embedded_object_packet,536
84.484486888,downlink,embedded_object_packet,536
84.484958888,downlink,embedded_object_packet,536
84.485430888,downlink,embedded_object_packet,536
84.485902888,downlink,embedded_object_packet,536
84.486374888,downlink,embedded_object_packet,536
84.486846888,downlink,embedded_object_packet,536
84.487318888,downlink,embedded_object_packet,536
84.487790888,downlink,embedded_object_packet,536
84.488262888,downlink,embedded_object_packet,536
84.488734888,downlink,embedded_object_packet,536
84.489206888,downlink,embedded_object_packet,536
84.489678888,downlink,embedded_object_packet,536
84.490150888,downlink,embedded_object_packet,536
84.490622888,downlink,embedded_object_packet,536
84.491094888,downlink,embedded_object_packet,536
84.491566888,downlink,embedded_object_packet,536
84.492038888,downlink,embedded_object_packet,536
84.492510888,downlink,embedded_object_packet,536
84.492982888,downlink,embedded_object_packet,536
84.493454888,downlink,embedded_object_packet,536
84.493926888,downlink,embedded_object_packet,536
84.494398888,downlink,embedded_object_packet,536
84.494870888,downlink,embedded_object_packet,536
84.495342888,downlink,embedded_object_packet,536
84.495814888,downlink,embedded_object_packet,536
84.496286888,downlink,embedded_object_packet,536
84.496758888,downlink,embedded_object_packet,536
84.497230888,downlink,embedded_object_packet,536
84.497702888,downlink,embedded_object_packet,536
84.498174888,downlink,embedded_object_packet,536
84.498646888,downlink,embedded_object_packet,536
84.499118888,downlink,embedded_object_packet,536
84.499590888,downlink,embedded_object_packet,536
84.500062888,downlink,embedded_object_packet,536
84.500534888,downlink,embedded_object_packet,536
84.501006888,downlink,embedded_object_packet,536
84.501478888,downlink,embedded_object_packet,536
84.501950888,downlink,embedded_object_packet,536
84.502422888,downlink,embedded_object_packet,536
84.502894888,downlink,embedded_object_packet,536
84.503366888,downlink,embedded_object_packet,536
84.503838888,downlink,embedded_object_packet,536
84.504310888,downlink,embedded_object_packet,536
84.504782888,downlink,embedded_object_packet,536
84.505254888,downlink,embedded_object_packet,536
84.505726888,downlink,embedded_object_packet,536
84.506198888,downlink,embedded_object_packet,536
84.506670888,downlink,embedded_object_packet,536
84.507142888,downlink,embedded_object_packet,536
84.507614888,downlink,embedded_object_packet,536
84.508086888,downlink,embedded_object_packet,536
84.508558888,downlink,embedded_object_packet,536
84.509030888,downlink,embedded_object_packet,536
84.509502888,downlink,embedded_object_packet,536
84.509974888,downlink,embedded_object_packet,536
84.510446888,downlink,embedded_object_packet,536
84.510918888,downlink,embedded_object_packet,536
84.511390888,downlink,embedded_object_packet,536
84.511862888,downlink,embedded_object_packet,536
84.512334888,downlink,embedded_object_packet,536
84.512806888,downlink,embedded_object_packet,536
84.513278888,downlink,embedded_object_packet,536
84.513750888,downlink,embedded_object_packet,536
84.514222888,downlink,embedded_object_packet,536
84.514694888,downlink,embedded_object_packet,536
84.515166888,downlink,embedded_object_packet,536
84.515638888,downlink,embedded_object_packet,536
84.516110888,downlink,embedded_object_packet,536
84.516582888,downlink,embedded_object_packet,536
84.517054888,downlink,embedded_object_packet,536
84.517526888,downlink,embedded_object_packet,536
84.517998888,downlink,embedded_object_packet,536
84.518470888,downlink,embedded_object_packet,536
84.518942888,downlink,embedded_object_packet,536
84.519414888,downlink,embedded_object_packet,536
84.519886888,downlink,embedded_object_packet,536
84.520358888,downlink,embedded_object_packet,536
84.520830888,downlink,embedded_object_packet,536
84.521302888,downlink,embedded_object_packet,536
84.521774888,downlink,embedded_object_packet,536
84.522246888,downlink,embedded_object_packet,536
84.522718888,downlink,embedded_object_packet,536
84.523190888,downlink,embedded_object_packet,536
84.523662888,downlink,embedded_object_packet,536
84.524134888,downlink,embedded_object_packet,536
84.524606888,downlink,embedded_object_packet,536
84.525078888,downlink,embedded_object_packet,536
84.525550888,downlink,embedded_object_packet,536
84.526022888,downlink,embedded_object_packet,536
84.526494888,downlink,embedded_object_packet,536
84.526966888,downlink,embedded_object_packet,536
84.527438888,downlink,embedded_object_packet,536
84.527910888,downlink,embedded_object_packet,536
84.528382888,downlink,embedded_object_packet,536
84.528854888,downlink,embedded_object_packet,536
84.529326888,downlink,embedded_object_packet,536
84.529798888,downlink,embedded_object_packet,536
84.530270888,downlink,embedded_object_packet,536
84.530742888,downlink,embedded_object_packet,536
84.531214888,downlink,embedded_object_packet,536
84.531686888,downlink,embedded_object_packet,536
84.532158888,downlink,embedded_object_packet,536
84.532630888,downlink,embedded_object_packet,536
84.533102888,downlink,embedded_object_packet,536
84.533574888,downlink,embedded_object_packet,536
84.534046888,downlink,embedded_object_packet,536
84.534518888,downlink,embedded_object_packet,536
84.534990888,downlink,embedded_object_packet,536
84.535462888,downlink,embedded_object_packet,536
84.535934888,downlink,embedded_object_packet,536
84.536406888,downlink,embedded_object_packet,536
84.536878888,downlink,embedded_object_packet,536
84.537350888,downlink,embedded_object_packet,536
84.537822888,downlink,embedded_object_packet,536
84.538294888,downlink,embedded_object_packet,536
84.538766888,downlink,embedded_object_packet,536
84.539238888,downlink,embedded_object_packet,536
84.539710888,downlink,embedded_object_packet,536
84.540182888,downlink,embedded_object_packet,536
84.540654888,downlink,embedded_object_packet,536
84.541126888,downlink,embedded_object_packet,536
84.541598888,downlink,embedded_object_packet,536
84.542070888,downlink,embedded_object_packet,536
84.542542888,downlink,embedded_object_packet,536
84.543014888,downlink,embedded_object_packet,536
84.543486888,downlink,embedded_object_packet,536
84.543958888,downlink,embedded_object_packet,536
84.544430888,downlink,embedded_object_packet,536
84.544902888,downlink,embedded_object_packet,536
84.545374888,downlink,embedded_object_packet,536
84.545846888,downlink,embedded_object_packet,536
84.546318888,downlink,embedded_object_packet,536
84.546790888,downlink,embedded_object_packet,536
84.547262888,downlink,embedded_object_packet,536
84.547734888,downlink,embedded_object_packet,536
84.548206888,downlink,embedded_object_packet,536
84.548678888,downlink,embedded_object_packet,536
84.549150888,downlink,embedded_object_packet,536
84.549622888,downlink,embedded_object_packet,536
84.550094888,downlink,embedded_object_packet,536
84.550566888,downlink,embedded_object_packet,536
84.551038888,downlink,embedded_object_packet,536
84.551510888,downlink,embedded_object_packet,536
84.551982888,downlink,embedded_object_packet,536
84.552454888,downlink,embedded_object_packet,536
84.552926888,downlink,embedded_object_packet,536
84.553398888,downlink,embedded_object_packet,536
84.553870888,downlink,embedded_object_packet,536
84.554342888,downlink,embedded_object_packet,536
84.554814888,downlink,embedded_object_packet,536
84.555286888,downlink,embedded_object_packet,536
84.555758888,downlink,embedded_object_packet,536
84.556230888,downlink,embedded_object_packet,536
84.556702888,downlink,embedded_object_packet,536
84.557174888,downlink,embedded_object_packet,536
84.557646888,downlink,embedded_object_packet,536
84.558118888,downlink,embedded_object_packet,536
84.558590888,downlink,embedded_object_packet,536
84.559062888,downlink,embedded_object_packet,536
84.559534888,downlink,embedded_object_packet,536
84.560006888,downlink,embedded_object_packet,536
84.560478888,downlink,embedded_object_packet,536
84.560950888,downlink,embedded_object_packet,536
84.561422888,downlink,embedded_object_packet,536
84.561536488,downlink,embedded_object_packet,88
84.561536488,uplink,embedded_request,350
84.582331690,downlink,embedded_object_packet,514
84.582579690,downlink,embedded_object_packet,256
84.582579690,uplink,embedded_request,350
84.603116491,downlink,embedded_object_packet,137
84.603116491,uplink,embedded_request,350
84.623612493,downlink,embedded_object_packet,140
84.623612493,uplink,embedded_request,350
84.644407695,downlink,embedded_object_packet,514
84.644879695,downlink,embedded_object_packet,536
84.645351695,downlink,embedded_object_packet,536
84.645823695,downlink,embedded_object_packet,536
84.646295695,downlink,embedded_object_packet,536
84.646767695,downlink,embedded_object_packet,536
84.647239695,downlink,embedded_object_packet,536
84.647711695,downlink,embedded_object_packet,536
84.648183695,downlink,embedded_object_packet,536
84.648655695,downlink,embedded_object_packet,536
84.649127695,downlink,embedded_object_packet,536
84.649599695,downlink,embedded_object_packet,536
84.650071695,downlink,embedded_object_packet,536
84.650543695,downlink,embedded_object_packet,536
84.651015695,downlink,embedded_object_packet,536
84.651487695,downlink,embedded_object_packet,536
84.651959695,downlink,embedded_object_packet,536
84.652431695,downlink,embedded_object_packet,536
84.652903695,downlink,embedded_object_packet,536
84.653375695,downlink,embedded_object_packet,536
84.653847695,downlink,embedded_object_packet,536
84.654319695,downlink,embedded_object_packet,536
84.654791695,downlink,embedded_object_packet,536
84.655263695,downlink,embedded_object_packet,536
84.655735695,downlink,embedded_object_packet,536
84.656207695,downlink,embedded_object_packet,536
84.656679695,downlink,embedded_object_packet,536
84.657151695,downlink,embedded_object_packet,536
84.657623695,downlink,embedded_object_packet,536
84.658095695,downlink,embedded_object_packet,536
84.658567695,downlink,embedded_object_packet,536
84.659039695,downlink,embedded_object_packet,536
84.659511695,downlink,embedded_object_packet,536
84.659983695,downlink,embedded_object_packet,536
84.660352495,downlink,embedded_object_packet,407
84.660352495,uplink,embedded_request,350
84.680851697,downlink,embedded_object_packet,144
84.680851697,uplink,embedded_request,350
84.701646899,downlink,embedded_object_packet,514
84.702118899,downlink,embedded_object_packet,536
84.702590899,downlink,embedded_object_packet,536
84.702749299,downlink,embedded_object_packet,144
84.702749299,uplink,embedded_request,350
84.723587700,downlink,embedded_object_packet,514
84.724059700,downlink,embedded_object_packet,536
84.724352500,downlink,embedded_object_packet,312
84.724352500,uplink,embedded_request,350
84.744802102,downlink,embedded_object_packet,82
84.744802102,uplink,embedded_request,350
84.765597304,downlink,embedded_object_packet,514
84.766069304,downlink,embedded_object_packet,536
84.766541304,downlink,embedded_object_packet,536
84.767013304,downlink,embedded_object_packet,536
84.767485304,downlink,embedded_object_packet,536
84.767957304,downlink,embedded_object_packet,536
84.768429304,downlink,embedded_object_packet,536
84.768901304,downlink,embedded_object_packet,536
84.769373304,downlink,embedded_object_packet,536
84.769845304,downlink,embedded_object_packet,536
84.770317304,downlink,embedded_object_packet,536
84.770789304,downlink,embedded_object_packet,536
84.771261304,downlink,embedded_object_packet,536
84.771733304,downlink,embedded_object_packet,536
84.772205304,downlink,embedded_object_packet,536
84.772677304,downlink,embedded_object_packet,536
84.773117304,downlink,embedded_object_packet,496
99.944170664,uplink,main_request,350
99.964965866,downlink,main_object_packet,514
99.965437866,downlink,main_object_packet,536
99.965909866,downlink,main_object_packet,536
99.966381866,downlink,main_object_packet,536
99.966853866,downlink,main_object_packet,536
99.967325866,downlink,main_object_packet,536
99.967797866,downlink,main_object_packet,536
99.968269866,downlink,main_object_packet,536
99.968741866,downlink,main_object_packet,536
99.969213866,downlink,main_object_packet,536
99.969685866,downlink,main_object_packet,536
99.970157866,downlink,main_object_packet,536
99.970629866,downlink,main_object_packet,536
99.971101866,downlink,main_object_packet,536
99.971573866,downlink,main_object_packet,536
99.972045866,downlink,main_object_packet,536
99.972517866,downlink,main_object_packet,536
99.972989866,downlink,main_object_packet,536
99.973461866,downlink,main_object_packet,536
99.973933866,downlink,main_object_packet,536
99.974405866,downlink,main_object_packet,536
99.974877866,downlink,main_object_packet,536
99.975349866,downlink,main_object_packet,536
99.975821866,downlink,main_object_packet,536
99.976293866,downlink,main_object_packet,536
99.976765866,downlink,main_object_packet,536
99.977237866,downlink,main_object_packet,536
99.977709866,downlink,main_object_packet,536
99.978181866,downlink,main_object_packet,536
99.978653866,downlink,main_object_packet,536
99.979125866,downlink,main_object_packet,536
99.979597866,downlink,main_object_packet,536
99.980069866,downlink,main_object_packet,536
99.980541866,downlink,main_object_packet,536
99.981013866,downlink,main_object_packet,536
99.981485866,downlink,main_object_packet,536
99.981957866,downlink,main_object_packet,536
99.982429866,downlink,main_object_packet,536
99.982901866,downlink,main_object_packet,536
99.983373866,downlink,main_object_packet,536
99.983583466,downlink,main_object_packet,208
129.611495607,uplink,main_request,350
129.632290809,downlink,main_object_packet,514
129.632392409,downlink,main_object_packet,73
129.795599783,uplink,embedded_request,350
129.816394985,downlink,embedded_object_packet,514
129.816866985,downlink,embedded_object_packet,536
129.817338985,downlink,embedded_object_packet,536
129.817810985,downlink,embedded_object_packet,536
129.818282985,downlink,embedded_object_packet,536
129.818754985,downlink,embedded_object_packet,536
129.819226985,downlink,embedded_object_packet,536
129.819698985,downlink,embedded_object_packet,536
129.820170985,downlink,embedded_object_packet,536
129.820642985,downlink,embedded_object_packet,536
129.821114985,downlink,embedded_object_packet,536
129.821586985,downlink,embedded_object_packet,536
129.822058985,downlink,embedded_object_packet,536
129.822530985,downlink,embedded_object_packet,536
129.823002985,downlink,embedded_object_packet,536
129.823474985,downlink,embedded_object_packet,536
129.823946985,downlink,embedded_object_packet,536
129.824418985,downlink,embedded_object_packet,536
129.824890985,downlink,embedded_object_packet,536
129.825362985,downlink,embedded_object_packet,536
129.825834985,downlink,embedded_object_packet,536
129.826306985,downlink,embedded_object_packet,536
129.826778985,downlink,embedded_object_packet,536
129.827250985,downlink,embedded_object_packet,536
129.827722985,downlink,embedded_object_packet,536
129.828194985,downlink,embedded_object_packet,536
129.828666985,downlink,embedded_object_packet,536
129.829053385,downlink,embedded_object_packet,429
129.829053385,uplink,embedded_request,350
129.849891786,downlink,embedded_object_packet,514
129.850363786,downlink,embedded_object_packet,536
129.850835786,downlink,embedded_object_packet,536
129.851307786,downlink,embedded_object_packet,536
129.851553386,downlink,embedded_object_packet,253
174.941326732,uplink,main_request,350
174.962121934,downlink,main_object_packet,514
174.962593934,downlink,main_object_packet,536
174.963065934,downlink,main_object_packet,536
174.963537934,downlink,main_object_packet,536
174.964009934,downlink,main_object_packet,536
174.964481934,downlink,main_object_packet,536
174.964789934,downlink,main_object_packet,331
175.186155417,uplink,embedded_request,350
175.206950619,downlink,embedded_object_packet,514
175.207422619,downlink,embedded_object_packet,536
175.207894619,downlink,embedded_object_packet,536
175.208366619,downlink,embedded_object_packet,536
175.208838619,downlink,embedded_object_packet,536
175.209310619,downlink,embedded_object_packet,536
175.209530619,downlink,embedded_object_packet,221
194.113010622,uplink,main_request,350
194.133805824,downlink,main_object_packet,514
194.134277824,downlink,main_object_packet,536
194.134749824,downlink,main_object_packet,536
194.135221824,downlink,main_object_packet,536
194.135693824,downlink,main_object_packet,536
194.136165824,downlink,main_object_packet,536
194.136637824,downlink,main_object_packet,536
194.137109824,downlink,main_object_packet,536
194.137581824,downlink,main_object_packet,536
194.138053824,downlink,main_object_packet,536
194.138525824,downlink,main_object_packet,536
194.138997824,downlink,main_object_packet,536
194.139385824,downlink,main_object_packet,431
194.176475648,uplink,embedded_request,350
194.197206850,downlink,embedded_object_packet,434
194.197206850,uplink,embedded_request,350
194.217950052,downlink,embedded_object_packet,449
220.992866061,uplink,main_request,350
221.013661263,downlink,main_object_packet,514
221.014133263,downlink,main_object_packet,536
221.014605263,downlink,main_object_packet,536
221.014779663,downlink,main_object_packet,164
